taille_tableau,nb_processus,temps_sequentiel,temps_parallele,acceleration
10000,1,0.000064,0.000052,1.224338
10000,2,0.000064,0.000038,1.675934
10000,4,0.000064,0.000049,1.304794
10000,8,0.000064,0.000080,0.792967
10000,16,0.000064,0.000068,0.940225
100000,1,0.000543,0.000431,1.261585
100000,2,0.000543,0.000273,1.988683
100000,4,0.000543,0.000181,3.007741
100000,8,0.000543,0.000245,2.216160
100000,16,0.000543,0.000188,2.893966
500000,1,0.001975,0.001660,1.189243
500000,2,0.001975,0.001139,1.733582
500000,4,0.001975,0.000706,2.798350
500000,8,0.001975,0.000771,2.562183
500000,16,0.001975,0.000622,3.173060
1000000,1,0.004000,0.003743,1.068614
1000000,2,0.004000,0.002655,1.506357
1000000,4,0.004000,0.001652,2.420326
1000000,8,0.004000,0.001226,3.263170
1000000,16,0.004000,0.000954,4.192813
5000000,1,0.020404,0.016936,1.204792
5000000,2,0.020404,0.011269,1.810658
5000000,4,0.020404,0.007779,2.622936
5000000,8,0.020404,0.006357,3.209683
5000000,16,0.020404,0.005232,3.899753
10000000,1,0.041120,0.034887,1.178657
10000000,2,0.041120,0.023835,1.725169
10000000,4,0.041120,0.016311,2.521070
10000000,8,0.041120,0.013546,3.035584
10000000,16,0.041120,0.012075,3.405376
