test,N,np,maxTests,temps_s,ok
1,1000036000099,1,50000000,0.188761,1
2,4000072000099,1,50000000,0.189120,1
3,25000190000261,1,50000000,0.185307,1
4,100000980001501,1,50000000,0.188918,1
5,400000720000099,1,50000000,0.188880,1
6,2500001900000261,1,50000000,0.190397,1
7,10000004400000259,1,50000000,0.191916,1
8,40000007200000099,1,50000000,0.190359,1
9,250000019000000261,1,50000000,0.188980,1
10,1000000040000000231,1,50000000,0.188331,1
1,1000036000099,2,50000000,0.095155,1
2,4000072000099,2,50000000,0.095016,1
3,25000190000261,2,50000000,0.094420,1
4,100000980001501,2,50000000,0.093619,1
5,400000720000099,2,50000000,0.095407,1
6,2500001900000261,2,50000000,0.095376,1
7,10000004400000259,2,50000000,0.094701,1
8,40000007200000099,2,50000000,0.095287,1
9,250000019000000261,2,50000000,0.095071,1
10,1000000040000000231,2,50000000,0.095034,1
1,1000036000099,4,50000000,0.045058,1
2,4000072000099,4,50000000,0.044791,1
3,25000190000261,4,50000000,0.045048,1
4,100000980001501,4,50000000,0.045449,1
5,400000720000099,4,50000000,0.044977,1
6,2500001900000261,4,50000000,0.044854,1
7,10000004400000259,4,50000000,0.045086,1
8,40000007200000099,4,50000000,0.044957,1
9,250000019000000261,4,50000000,0.044617,1
10,1000000040000000231,4,50000000,0.048150,1
1,1000036000099,8,50000000,0.028466,1
2,4000072000099,8,50000000,0.022236,1
3,25000190000261,8,50000000,0.022149,1
4,100000980001501,8,50000000,0.021731,1
5,400000720000099,8,50000000,0.022154,1
6,2500001900000261,8,50000000,0.021654,1
7,10000004400000259,8,50000000,0.021911,1
8,40000007200000099,8,50000000,0.021741,1
9,250000019000000261,8,50000000,0.021358,1
10,1000000040000000231,8,50000000,0.021307,1
